test_id,sample_name,particle_size,pct_passing
NESCL-014,2A-1-8_1,0.8396,98.7
NESCL-014,2A-1-8_1,0.4114,98.3
NESCL-014,2A-1-8_1,0.149,91.2
NESCL-014,2A-1-8_1,0.0773,87.4
NESCL-014,2A-1-8_1,0.0538,78.7
NESCL-014,2A-1-8_1,0.0376,75.7
NESCL-014,2A-1-8_1,0.0233,72.8
NESCL-014,2A-1-8_1,0.0206,65.5
NESCL-014,2A-1-8_1,0.0119,52.2
NESCL-014,2A-1-8_1,0.0107,48.8
NESCL-014,2A-1-8_1,0.0082,40.1
NESCL-014,2A-1-8_1,0.0058,30.8
NESCL-014,2A-1-8_1,0.0044,24.5
NESCL-014,2A-1-8_1,0.0029,20.1
NESCL-014,2A-1-8_1,0.0024,17.9
NESCL-014,2A-1-8_1,0.0013,15.5
NESCL-020,2A-1-11_1,12.544,99.3
NESCL-020,2A-1-11_1,9.1728,97.9
NESCL-020,2A-1-11_1,6.3244,97.3
NESCL-020,2A-1-11_1,4.7628,95.5
NESCL-020,2A-1-11_1,1.9744,90
NESCL-020,2A-1-11_1,0.8318,86.2
NESCL-020,2A-1-11_1,0.4257,84.5
NESCL-020,2A-1-11_1,0.148,82.1
NESCL-020,2A-1-11_1,0.0735,79.9
NESCL-020,2A-1-11_1,0.0467,68.6
NESCL-020,2A-1-11_1,0.0351,66.4
NESCL-020,2A-1-11_1,0.0245,62.3
NESCL-020,2A-1-11_1,0.0174,60.3
NESCL-020,2A-1-11_1,0.0125,58.3
NESCL-020,2A-1-11_1,0.0099,55.4
NESCL-020,2A-1-11_1,0.0074,50.2
NESCL-020,2A-1-11_1,0.0052,45.1
NESCL-020,2A-1-11_1,0.0037,40.1
NESCL-020,2A-1-11_1,0.0024,32.8
NESCL-020,2A-1-11_1,0.002,30.2
NESCL-020,2A-1-11_1,0.0011,29
NESCL-036,3A-1-9 ,6.3855,99.8
NESCL-036,3A-1-9 ,1.95978,94.5
NESCL-036,3A-1-9 ,0.81113,87.4
NESCL-036,3A-1-9 ,0.40169,72.9
NESCL-036,3A-1-9 ,0.14532,63.4
NESCL-036,3A-1-9 ,0.04527,56.7
NESCL-036,3A-1-9 ,0.03162,54.9
NESCL-036,3A-1-9 ,0.02276,52.7
NESCL-036,3A-1-9 ,0.02276,52.7
NESCL-036,3A-1-9 ,0.01453,50.8
NESCL-036,3A-1-9 ,0.01046,46.8
NESCL-036,3A-1-9 ,0.00709,43.6
NESCL-036,3A-1-9 ,0.00481,38.7
NESCL-036,3A-1-9 ,0.00289,31.7
NESCL-036,3A-1-9 ,0.00171,27.8
NESCL-036,3A-1-9 ,0.00129,26.2
NESCL-036,3A-1-9 ,0.00073,22.4
NESCL-061,4B-1-8_2,0.42687,100.5
NESCL-061,4B-1-8_2,0.15304,50.6
NESCL-061,4B-1-8_2,0.07462,17.3
NESCL-061,4B-1-8_2,0.05707,14
NESCL-061,4B-1-8_2,0.01505,8
NESCL-061,4B-1-8_2,0.00966,6.6
NESCL-061,4B-1-8_2,0.00638,5
NESCL-061,4B-1-8_2,0.0038,4.1
NESCL-061,4B-1-8_2,0.00248,3.5
NESCL-061,4B-1-8_2,0.00127,2.9
NESCL-061,4B-1-8_2,0.00093,2.3
NESCL-064,4B-1-10_2,0.39662,100.9
NESCL-064,4B-1-10_2,0.14846,89.4
NESCL-064,4B-1-10_2,0.06364,21.7
NESCL-064,4B-1-10_2,0.03343,9.2
NESCL-064,4B-1-10_2,0.01742,6.2
NESCL-064,4B-1-10_2,0.00739,3.9
NESCL-064,4B-1-10_2,0.00434,2.7
NESCL-064,4B-1-10_2,0.00291,2.3
NESCL-064,4B-1-10_2,0.00184,2.1
NESCL-064,4B-1-10_2,0.00129,1.9
NESCL-067,4B-1-11_2,0.15175,99.1
NESCL-067,4B-1-11_2,0.07425,30.6
NESCL-067,4B-1-11_2,0.03201,10.4
NESCL-067,4B-1-11_2,0.02209,7.8
NESCL-067,4B-1-11_2,0.01085,5
NESCL-067,4B-1-11_2,0.0038,2.3
NESCL-067,4B-1-11_2,0.00263,2.1
NESCL-067,4B-1-11_2,0.00148,1.7
NESCL-067,4B-1-11_2,0.00079,1.1
NESCL-072,4B-2-4_2,0.68751,98.3
NESCL-072,4B-2-4_2,0.34956,96.5
NESCL-072,4B-2-4_2,0.13669,22.7
NESCL-072,4B-2-4_2,0.07093,17.1
NESCL-072,4B-2-4_2,0.05073,14.2
NESCL-072,4B-2-4_2,0.03364,12.5
NESCL-072,4B-2-4_2,0.02229,11.3
NESCL-072,4B-2-4_2,0.01392,10.4
NESCL-072,4B-2-4_2,0.00896,8.5
NESCL-072,4B-2-4_2,0.0063,7.3
NESCL-072,4B-2-4_2,0.00405,6.7
NESCL-072,4B-2-4_2,0.00246,4.8
NESCL-073,4B-2-6,0.66713,98.7
NESCL-073,4B-2-6,0.33852,98.3
NESCL-073,4B-2-6,0.06677,8.1
NESCL-073,4B-2-6,0.02416,6.7
NESCL-073,4B-2-6,0.01467,4.6
NESCL-073,4B-2-6,0.01076,4.6
NESCL-073,4B-2-6,0.00702,4.2
NESCL-073,4B-2-6,0.0025,2.7
NESCL-073,4B-2-6,0.00127,2.3
NESCL-076,4B-2-8_2,0.69714,98.8
NESCL-076,4B-2-8_2,0.33843,98.5
NESCL-076,4B-2-8_2,0.13313,40.6
NESCL-076,4B-2-8_2,0.06725,13.3
NESCL-076,4B-2-8_2,0.04672,10
NESCL-076,4B-2-8_2,0.02317,5.2
NESCL-076,4B-2-8_2,0.01285,4.4
NESCL-076,4B-2-8_2,0.00413,3.7
NESCL-076,4B-2-8_2,0.00143,2.5
NESCL-081,4D-1-5_1,0.92012,101
NESCL-081,4D-1-5_1,0.43347,101.1
NESCL-081,4D-1-5_1,0.15368,36
NESCL-081,4D-1-5_1,0.04991,12.1
NESCL-081,4D-1-5_1,0.03605,11.3
NESCL-081,4D-1-5_1,0.016,10.6
NESCL-081,4D-1-5_1,0.01173,9.6
NESCL-081,4D-1-5_1,0.00912,8.6
NESCL-081,4D-1-5_1,0.00576,7.4
NESCL-081,4D-1-5_1,0.00416,6.5
NESCL-081,4D-1-5_1,0.00241,3.9
NESCL-081,4D-1-5_1,0.00129,2.8
NESCL-082,4D-1-5_2,0.45317,101.3
NESCL-082,4D-1-5_2,0.15179,39.2
NESCL-082,4D-1-5_2,0.07778,13.4
NESCL-082,4D-1-5_2,0.03504,12.7
NESCL-082,4D-1-5_2,0.02493,11.7
NESCL-082,4D-1-5_2,0.01646,9.4
NESCL-082,4D-1-5_2,0.01243,8
NESCL-082,4D-1-5_2,0.00858,7
NESCL-082,4D-1-5_2,0.00648,6.8
NESCL-082,4D-1-5_2,0.00435,5.3
NESCL-082,4D-1-5_2,0.00288,5.9
NESCL-082,4D-1-5_2,0.00241,5.3
NESCL-082,4D-1-5_2,0.00126,3.6
NESCL-083,4D-1-6,0.45991,101.3
NESCL-083,4D-1-6,0.15953,66.6
NESCL-083,4D-1-6,0.06514,13
NESCL-083,4D-1-6,0.04493,9.7
NESCL-083,4D-1-6,0.03342,8.7
NESCL-083,4D-1-6,0.02276,8.1
NESCL-083,4D-1-6,0.01461,7.4
NESCL-083,4D-1-6,0.01136,6
NESCL-083,4D-1-6,0.0082,5.4
NESCL-083,4D-1-6,0.00638,4.2
NESCL-083,4D-1-6,0.00428,3.3
NESCL-083,4D-1-6,0.00296,2.5
NESCL-083,4D-1-6,0.00122,1.2
NESCL-087,4D-1-9_1,0.15889,101.2
NESCL-087,4D-1-9_1,0.07822,101
NESCL-087,4D-1-9_1,0.04848,92.7
NESCL-087,4D-1-9_1,0.03586,84.1
NESCL-087,4D-1-9_1,0.02718,68.7
NESCL-087,4D-1-9_1,0.02208,47.1
NESCL-087,4D-1-9_1,0.01556,32.4
NESCL-087,4D-1-9_1,0.01167,23.4
NESCL-087,4D-1-9_1,0.00917,16.4
NESCL-087,4D-1-9_1,0.00633,13.4
NESCL-087,4D-1-9_1,0.00437,10.9
NESCL-087,4D-1-9_1,0.00086,8.8
NESCL-112,5A-2-9_2,0.15695,100.4
NESCL-112,5A-2-9_2,0.07669,96.4
NESCL-112,5A-2-9_2,0.05508,90.7
NESCL-112,5A-2-9_2,0.04009,82.9
NESCL-112,5A-2-9_2,0.02998,71.7
NESCL-112,5A-2-9_2,0.0212,65.3
NESCL-112,5A-2-9_2,0.01466,48.6
NESCL-112,5A-2-9_2,0.01214,35.2
NESCL-112,5A-2-9_2,0.00856,24.8
NESCL-112,5A-2-9_2,0.00597,19
NESCL-112,5A-2-9_2,0.00416,13.7
NESCL-112,5A-2-9_2,0.00291,12.3
NESCL-112,5A-2-9_2,0.00134,7.4
NESCL-117,5A-2-12_2,0.43102,100.5
NESCL-117,5A-2-12_2,0.14986,98.2
NESCL-117,5A-2-12_2,0.07375,63.6
NESCL-117,5A-2-12_2,0.05495,47.5
NESCL-117,5A-2-12_2,0.04037,32.3
NESCL-117,5A-2-12_2,0.03106,19.5
NESCL-117,5A-2-12_2,0.02231,14.1
NESCL-117,5A-2-12_2,0.01631,11.8
NESCL-117,5A-2-12_2,0.0114,10
NESCL-117,5A-2-12_2,0.00619,7
NESCL-117,5A-2-12_2,0.00427,6.5
NESCL-117,5A-2-12_2,0.00312,5.7
NESCL-117,5A-2-12_2,0.00228,5.1
NESCL-117,5A-2-12_2,0.00115,4.2
NESCL-109,5A-2-7_1,2.17556,100.1
NESCL-109,5A-2-7_1,0.86657,100.8
NESCL-109,5A-2-7_1,0.15406,95.4
NESCL-109,5A-2-7_1,0.07693,80.6
NESCL-109,5A-2-7_1,0.05018,65.1
NESCL-109,5A-2-7_1,0.03973,50.7
NESCL-109,5A-2-7_1,0.0301,37.1
NESCL-109,5A-2-7_1,0.02092,27.5
NESCL-109,5A-2-7_1,0.0148,21.2
NESCL-109,5A-2-7_1,0.01146,16.6
NESCL-109,5A-2-7_1,0.00812,13.4
NESCL-109,5A-2-7_1,0.00594,11.8
NESCL-109,5A-2-7_1,0.00403,9.7
NESCL-109,5A-2-7_1,0.00304,8.7
NESCL-109,5A-2-7_1,0.00112,7.4
NESCL-108,5A-2-6_2,0.87941,100.6
NESCL-108,5A-2-6_2,0.14939,74
NESCL-108,5A-2-6_2,0.07724,26
NESCL-108,5A-2-6_2,0.06069,21.2
NESCL-108,5A-2-6_2,0.04554,14.5
NESCL-108,5A-2-6_2,0.0333,13.1
NESCL-108,5A-2-6_2,0.02262,12.3
NESCL-108,5A-2-6_2,0.01447,11.4
NESCL-108,5A-2-6_2,0.01141,11.4
NESCL-108,5A-2-6_2,0.00834,9.8
NESCL-108,5A-2-6_2,0.00526,7.9
NESCL-108,5A-2-6_2,0.00308,6.9
NESCL-108,5A-2-6_2,0.00232,6.7
NESCL-108,5A-2-6_2,0.00126,6.4
NESCL-125,6A-1-9,10.97842,100.1
NESCL-125,6A-1-9,8.4858,95.7
NESCL-125,6A-1-9,5.73492,92.9
NESCL-125,6A-1-9,4.16941,90.2
NESCL-125,6A-1-9,1.76228,77.4
NESCL-125,6A-1-9,0.74605,73.5
NESCL-125,6A-1-9,0.37112,69.6
NESCL-125,6A-1-9,0.13249,61.9
NESCL-125,6A-1-9,0.06891,57.7
NESCL-125,6A-1-9,0.0518,52.3
NESCL-125,6A-1-9,0.03656,49.8
NESCL-125,6A-1-9,0.025,49
NESCL-125,6A-1-9,0.01814,47.5
NESCL-125,6A-1-9,0.01225,45.3
NESCL-125,6A-1-9,0.01017,42.1
NESCL-125,6A-1-9,0.00741,37.9
NESCL-125,6A-1-9,0.00532,34.1
NESCL-125,6A-1-9,0.00387,30.8
NESCL-125,6A-1-9,0.00303,28.8
NESCL-125,6A-1-9,0.00135,20.7
NESCL-125,6A-1-9,0.00098,19.3
NESCL-133,6B-1-8,11.30841,99.9
NESCL-133,6B-1-8,8.09003,98.3
NESCL-133,6B-1-8,5.45635,96.8
NESCL-133,6B-1-8,3.96228,95
NESCL-133,6B-1-8,1.73185,89.3
NESCL-133,6B-1-8,0.75674,83.8
NESCL-133,6B-1-8,0.36577,79.5
NESCL-133,6B-1-8,0.13661,71
NESCL-133,6B-1-8,0.04965,61.2
NESCL-133,6B-1-8,0.03356,58.1
NESCL-133,6B-1-8,0.02335,55.7
NESCL-133,6B-1-8,0.01724,52.5
NESCL-133,6B-1-8,0.01254,49.4
NESCL-133,6B-1-8,0.00939,46.4
NESCL-133,6B-1-8,0.00715,42.6
NESCL-133,6B-1-8,0.00537,38
NESCL-133,6B-1-8,0.0038,33.4
NESCL-133,6B-1-8,0.00239,30.4
NESCL-133,6B-1-8,0.00127,22.5
NESCL-133,6B-1-8,0.00111,21.3
NESCL-133,6B-1-8,0.00101,19.7
NESCL-081,4D-1-5_1,0.92012,101
NESCL-081,4D-1-5_1,0.43347,101.1
NESCL-081,4D-1-5_1,0.15368,36
NESCL-081,4D-1-5_1,0.04991,12.1
NESCL-081,4D-1-5_1,0.03605,11.3
NESCL-081,4D-1-5_1,0.016,10.6
NESCL-081,4D-1-5_1,0.01173,9.6
NESCL-081,4D-1-5_1,0.00912,8.6
NESCL-081,4D-1-5_1,0.00576,7.4
NESCL-081,4D-1-5_1,0.00416,6.5
NESCL-081,4D-1-5_1,0.00241,3.9
NESCL-081,4D-1-5_1,0.00129,2.8
NESCL-082,4D-1-5_2,0.45317,101.3
NESCL-082,4D-1-5_2,0.15179,39.2
NESCL-082,4D-1-5_2,0.07778,13.4
NESCL-082,4D-1-5_2,0.03504,12.7
NESCL-082,4D-1-5_2,0.02493,11.7
NESCL-082,4D-1-5_2,0.01646,9.4
NESCL-082,4D-1-5_2,0.01243,8
NESCL-082,4D-1-5_2,0.00858,7
NESCL-082,4D-1-5_2,0.00648,6.8
NESCL-082,4D-1-5_2,0.00435,5.3
NESCL-082,4D-1-5_2,0.00288,5.9
NESCL-082,4D-1-5_2,0.00241,5.3
NESCL-082,4D-1-5_2,0.00126,3.6
NESCL-083,4D-1-6,0.45991,101.3
NESCL-083,4D-1-6,0.15953,66.6
NESCL-083,4D-1-6,0.06514,13
NESCL-083,4D-1-6,0.04493,9.7
NESCL-083,4D-1-6,0.03342,8.7
NESCL-083,4D-1-6,0.02276,8.1
NESCL-083,4D-1-6,0.01461,7.4
NESCL-083,4D-1-6,0.01136,6
NESCL-083,4D-1-6,0.0082,5.4
NESCL-083,4D-1-6,0.00638,4.2
NESCL-083,4D-1-6,0.00428,3.3
NESCL-083,4D-1-6,0.00296,2.5
NESCL-083,4D-1-6,0.00122,1.2
CEN-001,INU_2014_F1_115-126,16.0345295,95.66184622
CEN-001,INU_2014_F1_115-126,6.696422469,89.76641117
CEN-001,INU_2014_F1_115-126,2.01081159,79.75528362
CEN-001,INU_2014_F1_115-126,0.890098699,69.85539046
CEN-001,INU_2014_F1_115-126,0.580824466,60.17797351
CEN-001,INU_2014_F1_115-126,0.253801563,49.94438094
CEN-001,INU_2014_F1_115-126,0.101959345,39.82202649
CEN-001,INU_2014_F1_115-126,0.053398401,30.03336397
CEN-001,INU_2014_F1_115-126,0.025877441,20.02225509
CEN-001,INU_2014_F1_115-126,0.011380988,10.23360003
CEN-002,INU_2014_F1_132-144,15.03026393,99.11012125
CEN-002,INU_2014_F1_132-144,5.271207383,89.76641117
CEN-002,INU_2014_F1_132-144,2.01081159,80.08898302
CEN-002,INU_2014_F1_132-144,1.094777625,70.07785921
CEN-002,INU_2014_F1_132-144,0.787168028,59.84426664
CEN-002,INU_2014_F1_132-144,0.57707999,49.72191219
CEN-002,INU_2014_F1_132-144,0.386436973,39.37708151
CEN-002,INU_2014_F1_132-144,0.111622809,30.14460208
CEN-002,INU_2014_F1_132-144,0.039400861,19.91100204
CEN-002,INU_2014_F1_132-144,0.014272314,9.788655057
CEN-003,INU_2014_F1_144-156,15.72640206,91.99109871
CEN-003,INU_2014_F1_144-156,10,90.4338137
CEN-003,INU_2014_F1_144-156,5.237224813,79.97775611
CEN-003,INU_2014_F1_144-156,2.538015634,70.07785921
CEN-003,INU_2014_F1_144-156,0.98078308,60.28920415
CEN-003,INU_2014_F1_144-156,0.623654096,49.83314283
CEN-003,INU_2014_F1_144-156,0.406958866,39.82202649
CEN-003,INU_2014_F1_144-156,0.100648866,29.69966457
CEN-003,INU_2014_F1_144-156,0.040695887,20.24470891
CEN-003,INU_2014_F1_144-156,0.01603453,10.01111634
CEN-004,INU_2014_F1_186-196,13.46522053,99.44382811
CEN-004,INU_2014_F1_186-196,5.515349765,89.65517306
CEN-004,INU_2014_F1_186-196,2.333337945,79.75528362
CEN-004,INU_2014_F1_186-196,1.0807065,69.74415981
CEN-004,INU_2014_F1_186-196,0.752323261,59.95550476
CEN-004,INU_2014_F1_186-196,0.520346584,49.94438094
CEN-004,INU_2014_F1_186-196,0.270759862,40.04448778
CEN-004,INU_2014_F1_186-196,0.098078308,30.14460208
CEN-004,INU_2014_F1_186-196,0.043980347,19.79977887
CEN-004,INU_2014_F1_186-196,0.016995632,10.01111634
CEN-012,INU_2014_F2_217-227,0.235216148,90.03322323
CEN-012,INU_2014_F2_217-227,0.174687268,79.84495948
CEN-012,INU_2014_F2_217-227,0.139751588,70.09966598
CEN-012,INU_2014_F2_217-227,0.115321901,59.91140595
CEN-012,INU_2014_F2_217-227,0.093409342,49.94462918
CEN-012,INU_2014_F2_217-227,0.074728484,40.08859777
CEN-012,INU_2014_F2_217-227,0.054139321,30.23255892
CEN-012,INU_2014_F2_217-227,0.030992165,19.93355353
CEN-012,INU_2014_F2_217-227,0.013931924,10.29902025
CEN-019,INU_2014_F2_302-312,0.726729884,100.3322249
CEN-019,INU_2014_F2_302-312,0.294016453,99.00332158
CEN-019,INU_2014_F2_302-312,0.184708634,89.9224816
CEN-019,INU_2014_F2_302-312,0.147768906,79.84495948
CEN-019,INU_2014_F2_302-312,0.123458637,70.4318946
CEN-019,INU_2014_F2_302-312,0.106394211,59.91140595
CEN-019,INU_2014_F2_302-312,0.088890645,50.2768578
CEN-019,INU_2014_F2_302-312,0.072000465,40.31008104
CEN-019,INU_2014_F2_302-312,0.053804811,30.01107565
CEN-019,INU_2014_F2_302-312,0.031378725,20.04431375
CEN-019,INU_2014_F2_302-312,0.014459777,10.29902025
CEN-020,INU_2014_F2_316-326,0.595985433,99.22480856
CEN-020,INU_2014_F2_316-326,0.341172795,96.67774541
CEN-020,INU_2014_F2_316-326,0.236678509,90.03322323
CEN-020,INU_2014_F2_316-326,0.183567378,80.1771881
CEN-020,INU_2014_F2_316-326,0.153367581,70.32115669
CEN-020,INU_2014_F2_316-326,0.129734467,60.0221513
CEN-020,INU_2014_F2_316-326,0.107055674,50.05537453
CEN-020,INU_2014_F2_316-326,0.083032167,40.08859777
CEN-020,INU_2014_F2_316-326,0.060529217,30.23255892
CEN-020,INU_2014_F2_316-326,0.034435982,20.04431375
CEN-020,INU_2014_F2_316-326,0.014370435,9.966791637
CEN-021,INU_2014_F2_336-348,0.670470365,99.11406693
CEN-021,INU_2014_F2_336-348,0.393446951,96.78848705
CEN-021,INU_2014_F2_336-348,0.236678509,89.9224816
CEN-021,INU_2014_F2_336-348,0.183567378,79.95570483
CEN-021,INU_2014_F2_336-348,0.15721743,70.32115669
CEN-021,INU_2014_F2_336-348,0.135487096,59.80066803
CEN-021,INU_2014_F2_336-348,0.114609173,50.16611245
CEN-021,INU_2014_F2_336-348,0.093409342,40.08859777
CEN-021,INU_2014_F2_336-348,0.072000465,30.45404218
CEN-021,INU_2014_F2_336-348,0.042778438,19.93355353
CEN-021,INU_2014_F2_336-348,0.015289311,9.966791637
CEN-022,INU_2014_F2_381-391,1.269503521,99.88925837
CEN-022,INU_2014_F2_381-391,0.704553278,98.8925818
CEN-022,INU_2014_F2_381-391,0.423825617,95.57032536
CEN-022,INU_2014_F2_381-391,0.27125528,89.9224816
CEN-022,INU_2014_F2_381-391,0.210385053,79.84495948
CEN-022,INU_2014_F2_381-391,0.185857294,69.98892807
CEN-022,INU_2014_F2_381-391,0.160168139,60.13288922
CEN-022,INU_2014_F2_381-391,0.138888107,50.2768578
CEN-022,INU_2014_F2_381-391,0.111111896,40.08859777
CEN-022,INU_2014_F2_381-391,0.075660561,30.45404218
CEN-022,INU_2014_F2_381-391,0.038500322,20.15504424
CEN-022,INU_2014_F2_381-391,0.01178508,7.86269688
CEN-023,INU_2014_F2_391-398,1.087274237,99.22480856
CEN-023,INU_2014_F2_391-398,0.588642888,97.0099666
CEN-023,INU_2014_F2_391-398,0.320669104,95.45958373
CEN-023,INU_2014_F2_391-398,0.207793281,89.81173997
CEN-023,INU_2014_F2_391-398,0.176866114,80.1771881
CEN-023,INU_2014_F2_391-398,0.154321081,70.54263995
CEN-023,INU_2014_F2_391-398,0.132169476,60.35437992
CEN-023,INU_2014_F2_391-398,0.112497871,50.16611245
CEN-023,INU_2014_F2_391-398,0.087253051,40.31008104
CEN-023,INU_2014_F2_391-398,0.061665249,30.23255892
CEN-023,INU_2014_F2_391-398,0.033385147,19.82282305
CEN-023,INU_2014_F2_391-398,0.014640144,10.40975817
CEN-024,INU_2014_F2_413-425,1.365711834,99.55898699
CEN-024,INU_2014_F2_413-425,0.640663471,98.12569285
CEN-024,INU_2014_F2_413-425,0.392575129,89.74641789
CEN-024,INU_2014_F2_413-425,0.318245713,79.71334228
CEN-024,INU_2014_F2_413-425,0.269736297,70.01103014
CEN-024,INU_2014_F2_413-425,0.234512454,59.75744062
CEN-024,INU_2014_F2_413-425,0.210476906,49.83462567
CEN-024,INU_2014_F2_413-425,0.181831299,39.80154637
CEN-024,INU_2014_F2_413-425,0.157084452,29.98897356
CEN-024,INU_2014_F2_413-425,0.126534779,20.17640817
CEN-024,INU_2014_F2_413-425,0.088616354,10.14332146
CEN-024,INU_2014_F2_413-425,0.07415931,7.166494736
CEN-024,INU_2014_F2_413-425,0.028928508,2.205065054
CEN-025,INU_2014_F2_425-437,1.317603623,100.1107435
CEN-025,INU_2014_F2_425-437,0.683053973,99.6677751
CEN-025,INU_2014_F2_425-437,0.470920679,97.0099666
CEN-025,INU_2014_F2_425-437,0.351911884,90.03322323
CEN-025,INU_2014_F2_425-437,0.285044361,80.06645018
CEN-025,INU_2014_F2_425-437,0.245645999,69.98892807
CEN-025,INU_2014_F2_425-437,0.222454496,59.80066803
CEN-025,INU_2014_F2_425-437,0.201452342,50.16611245
CEN-025,INU_2014_F2_425-437,0.179072286,39.75637658
CEN-025,INU_2014_F2_425-437,0.152419971,29.90033773
CEN-025,INU_2014_F2_425-437,0.128136137,19.7120777
CEN-025,INU_2014_F2_425-437,0.084067884,9.966791637
CEN-025,INU_2014_F2_425-437,0.011858359,1.661128222
CEN-026,INU_2014_F2_474-484,1.983548899,98.8925818
CEN-026,INU_2014_F2_474-484,1.107680557,98.22813014
CEN-026,INU_2014_F2_474-484,0.722239051,96.56700006
CEN-026,INU_2014_F2_474-484,0.423825617,90.36544813
CEN-026,INU_2014_F2_474-484,0.322662466,80.06645018
CEN-026,INU_2014_F2_474-484,0.274638833,70.09966598
CEN-026,INU_2014_F2_474-484,0.239630762,60.24363457
CEN-026,INU_2014_F2_474-484,0.214333629,50.05537453
CEN-026,INU_2014_F2_474-484,0.187012631,39.8671145
CEN-026,INU_2014_F2_474-484,0.155280639,30.121821
CEN-026,INU_2014_F2_474-484,0.114609173,19.93355353
CEN-026,INU_2014_F2_474-484,0.056891504,9.966791637
CEN-026,INU_2014_F2_474-484,0.011712264,2.879289909
CEN-027,INU_2014_F2_486-498,10.06217095,100
CEN-027,INU_2014_F2_486-498,4.665623422,98.44961341
CEN-027,INU_2014_F2_486-498,1.763189414,95.57032536
CEN-027,INU_2014_F2_486-498,0.864456025,89.9224816
CEN-027,INU_2014_F2_486-498,0.51360888,80.06645018
CEN-027,INU_2014_F2_486-498,0.365244834,70.21041133
CEN-027,INU_2014_F2_486-498,0.281532847,59.80066803
CEN-027,INU_2014_F2_486-498,0.232318283,50.16611245
CEN-027,INU_2014_F2_486-498,0.187012631,39.8671145
CEN-027,INU_2014_F2_486-498,0.132991075,30.121821
CEN-027,INU_2014_F2_486-498,0.084590542,22.70210553
CEN-027,INU_2014_F2_486-498,0.030992165,9.966791637
CEN-027,INU_2014_F2_486-498,0.011858359,3.322256444
CEN-031,INU_2017_F1_126-141,11.48225755,99.45454705
CEN-031,INU_2017_F1_126-141,6.605689375,98.90909227
CEN-031,INU_2017_F1_126-141,2.357448945,98.47272809
CEN-031,INU_2017_F1_126-141,0.879155509,97.38181853
CEN-031,INU_2017_F1_126-141,0.477969021,95.52727668
CEN-031,INU_2017_F1_126-141,0.294648514,90.29090824
CEN-031,INU_2017_F1_126-141,0.208562414,80.36363896
CEN-031,INU_2017_F1_126-141,0.167393385,70
CEN-031,INU_2017_F1_126-141,0.133509374,60.0727234
CEN-031,INU_2017_F1_126-141,0.10449599,50.03635987
CEN-031,INU_2017_F1_126-141,0.078761983,39.78181516
CEN-031,INU_2017_F1_126-141,0.051701885,29.52727045
CEN-031,INU_2017_F1_126-141,0.028285872,19.59999385
CEN-031,INU_2017_F1_126-141,0.014624304,9.454536066
CEN-031,INU_2017_F1_126-141,0.01009469,5.418173269
CEN-031,INU_2017_F1_126-141,0.005089616,0.618172683
CEN-032,INU_2017_F1_153-168,11.26787564,100
CEN-032,INU_2017_F1_153-168,1.989629512,99.78181882
CEN-032,INU_2017_F1_153-168,0.760868559,98.90909227
CEN-032,INU_2017_F1_153-168,0.440483131,97.05454676
CEN-032,INU_2017_F1_153-168,0.313754154,90.29090824
CEN-032,INU_2017_F1_153-168,0.245571152,79.81818235
CEN-032,INU_2017_F1_153-168,0.208562414,70.10909059
CEN-032,INU_2017_F1_153-168,0.177131068,59.96363647
CEN-032,INU_2017_F1_153-168,0.154265019,49.81817869
CEN-032,INU_2017_F1_153-168,0.12776507,39.67272091
CEN-032,INU_2017_F1_153-168,0.101264493,29.6363647
CEN-032,INU_2017_F1_153-168,0.066056894,19.59999385
CEN-032,INU_2017_F1_153-168,0.029931305,9.672731894
CEN-032,INU_2017_F1_153-168,0.010351589,2.690897545
CEN-038,IVU_2014_F1_86-99,16.22123963,97.25576362
CEN-038,IVU_2014_F1_86-99,9.13659233,94.51152724
CEN-038,IVU_2014_F1_86-99,6.747323372,90.12074608
CEN-038,IVU_2014_F1_86-99,4.2135651,79.80241183
CEN-038,IVU_2014_F1_86-99,3.131831438,70.14269622
CEN-038,IVU_2014_F1_86-99,2.327805417,60.04390398
CEN-038,IVU_2014_F1_86-99,1.611695607,49.72558078
CEN-038,IVU_2014_F1_86-99,1.115883854,40.17563066
CEN-038,IVU_2014_F1_86-99,0.748082509,29.85729272
CEN-038,IVU_2014_F1_86-99,0.508021882,20.08781164
CEN-038,IVU_2014_F1_86-99,0.405362003,14.70910435
CEN-038,IVU_2014_F1_86-99,0.30129485,13.7211856
CEN-038,IVU_2014_F1_86-99,0.136286783,9.989012029
CEN-038,IVU_2014_F1_86-99,0.070589447,7.135006487
CEN-038,IVU_2014_F1_86-99,0.030324449,5.268941813
CEN-038,IVU_2014_F1_86-99,0.010394582,2.19538321
CEN-039,IVU_2014_F1_118-132,15.60548179,96.81668513
CEN-039,IVU_2014_F1_118-132,8.187762816,89.57190027
CEN-039,IVU_2014_F1_118-132,4.186476816,80.13172299
CEN-039,IVU_2014_F1_118-132,3.012947198,69.70361958
CEN-039,IVU_2014_F1_118-132,2.327805417,60.04390398
CEN-039,IVU_2014_F1_118-132,1.482068536,49.94511173
CEN-039,IVU_2014_F1_118-132,0.878977133,39.73655401
CEN-039,IVU_2014_F1_118-132,0.649119796,29.96706557
CEN-039,IVU_2014_F1_118-132,0.49190015,19.86827332
CEN-039,IVU_2014_F1_118-132,0.38997481,12.7332521
CEN-039,IVU_2014_F1_118-132,0.175265957,9.989012029
CEN-039,IVU_2014_F1_118-132,0.101298359,7.354559547
CEN-039,IVU_2014_F1_118-132,0.030916955,4.61031211
CEN-040,IVU_2014_F1_148-163,16.43184961,95.27991689
CEN-040,IVU_2014_F1_148-163,8.621327589,89.7914386
CEN-040,IVU_2014_F1_148-163,5.779693957,80.02195752
CEN-040,IVU_2014_F1_148-163,4.079850445,69.70361958
CEN-040,IVU_2014_F1_148-163,3.255403768,60.15367682
CEN-040,IVU_2014_F1_148-163,2.196528095,50.16465006
CEN-040,IVU_2014_F1_148-163,1.130372037,39.84632686
CEN-040,IVU_2014_F1_148-163,0.593074295,29.52798892
CEN-040,IVU_2014_F1_148-163,0.395037742,22.61251339
CEN-040,IVU_2014_F1_148-163,0.243531273,19.53896216
CEN-040,IVU_2014_F1_148-163,0.114504783,14.05049676
CEN-040,IVU_2014_F1_148-163,0.058926178,10.20855035
CEN-040,IVU_2014_F1_148-163,0.030520661,8.01317451
CEN-041,IVU_2014_F1_170-183,12.69525495,89.71553478
CEN-041,IVU_2014_F1_170-183,5.668931405,79.97811749
CEN-041,IVU_2014_F1_170-183,3.849763979,69.58424342
CEN-041,IVU_2014_F1_170-183,2.917331744,59.6280121
CEN-041,IVU_2014_F1_170-183,2.154435312,50.00000367
CEN-041,IVU_2014_F1_170-183,1.591038627,40.15317754
CEN-041,IVU_2014_F1_170-183,1.026134653,29.64989094
CEN-041,IVU_2014_F1_170-183,0.724342122,19.69365227
CEN-041,IVU_2014_F1_170-183,0.528066929,9.956238663
CEN-041,IVU_2014_F1_170-183,0.377598942,1.312920925
CEN-041,IVU_2014_F1_170-183,0.076269822,0.328230231
CEN-043,IVU_2014_F1_201-213,16.32619794,100.4390803
CEN-043,IVU_2014_F1_201-213,8.733259622,90.01097692
CEN-043,IVU_2014_F1_201-213,5.854730084,80.57079963
CEN-043,IVU_2014_F1_201-213,4.053621789,69.59385411
CEN-043,IVU_2014_F1_201-213,3.234475338,59.9341385
CEN-043,IVU_2014_F1_201-213,2.682695131,49.72558078
CEN-043,IVU_2014_F1_201-213,2.113147946,40.06586518
CEN-043,IVU_2014_F1_201-213,1.520802208,29.74752725
CEN-043,IVU_2014_F1_201-213,1.286007912,25.90559557
CEN-043,IVU_2014_F1_201-213,0.666084459,19.75850785
CEN-043,IVU_2014_F1_201-213,0.286143043,14.16026224
CEN-043,IVU_2014_F1_201-213,0.115245678,9.879246554
CEN-043,IVU_2014_F1_201-213,0.060466206,7.79362145
CEN-043,IVU_2014_F1_201-213,0.020329347,5.159154228
CEN-046,IVU_2014_F2_165-176,12.45196777,100.1097692
CEN-046,IVU_2014_F2_165-176,5.314838932,98.46322807
CEN-046,IVU_2014_F2_165-176,3.052066081,95.71899169
CEN-046,IVU_2014_F2_165-176,1.78690231,90.01097692
CEN-046,IVU_2014_F2_165-176,1.000000433,79.69265004
CEN-046,IVU_2014_F2_165-176,0.772601804,69.48407758
CEN-046,IVU_2014_F2_165-176,0.624480307,59.82436566
CEN-046,IVU_2014_F2_165-176,0.495082953,49.72558078
CEN-046,IVU_2014_F2_165-176,0.38997481,39.73655401
CEN-046,IVU_2014_F2_165-176,0.191828584,29.41821608
CEN-046,IVU_2014_F2_165-176,0.060857448,19.75850785
CEN-046,IVU_2014_F2_165-176,0.016752896,9.989012029
CEN-046,IVU_2014_F2_165-176,0.010000004,5.268941813
CEN-046,IVU_2014_F2_165-176,0.005080219,1.536760877
CEN-049,IVU_2014_F2_216-229,13.11133971,90.01097692
CEN-049,IVU_2014_F2_216-229,2.682695131,79.69265004
CEN-049,IVU_2014_F2_216-229,0.787695555,70.25246907
CEN-049,IVU_2014_F2_216-229,0.384976432,60.04390398
CEN-049,IVU_2014_F2_216-229,0.178690308,50.16465006
CEN-049,IVU_2014_F2_216-229,0.084561155,40.06586518
CEN-049,IVU_2014_F2_216-229,0.036326572,29.74752725
CEN-049,IVU_2014_F2_216-229,0.015605495,19.86827332
CEN-049,IVU_2014_F2_216-229,0.005524553,9.879246554
CEN-049,IVU_2014_F2_216-229,0.002072655,2.41493627
CEN-049,IVU_2014_F2_216-229,0.001229238,0.878153284
CEN-050,IVU_2014_F2_229-243,15.80809018,90.01097692
CEN-050,IVU_2014_F2_229-243,6.790984363,83.64435087
CEN-050,IVU_2014_F2_229-243,3.849762658,80.35126131
CEN-050,IVU_2014_F2_229-243,2.032934666,76.50932964
CEN-050,IVU_2014_F2_229-243,1.006470861,70.47200739
CEN-050,IVU_2014_F2_229-243,0.455263924,59.82436566
CEN-050,IVU_2014_F2_229-243,0.184546776,50.16465006
CEN-050,IVU_2014_F2_229-243,0.081877664,39.84632686
CEN-050,IVU_2014_F2_229-243,0.032554066,29.74752725
CEN-050,IVU_2014_F2_229-243,0.015110252,19.64872763
CEN-050,IVU_2014_F2_229-243,0.005453744,9.989012029
CEN-050,IVU_2014_F2_229-243,0.002046088,2.854012912
CEN-051,IVU_2014_F2_258-270,15.91038213,88.58397414
CEN-051,IVU_2014_F2_258-270,4.323686087,80.24149584
CEN-051,IVU_2014_F2_258-270,1.833602774,75.08232687
CEN-051,IVU_2014_F2_258-270,1.039457341,69.59385411
CEN-051,IVU_2014_F2_258-270,0.488737385,60.15367682
CEN-051,IVU_2014_F2_258-270,0.380042778,57.18989844
CEN-051,IVU_2014_F2_258-270,0.161169491,49.94511173
CEN-051,IVU_2014_F2_258-270,0.07626989,39.95609234
CEN-051,IVU_2014_F2_258-270,0.031930212,29.96706557
CEN-051,IVU_2014_F2_258-270,0.015208035,19.9780388
CEN-051,IVU_2014_F2_258-270,0.010261353,14.27003508
CEN-051,IVU_2014_F2_258-270,0.005146178,7.464317653
CEN-051,IVU_2014_F2_258-270,0.003032444,2.854012912
CEN-052,IVU_2014_F4_59-74,16.5381635,94.6212964
CEN-052,IVU_2014_F4_59-74,8.082822281,89.90120776
CEN-052,IVU_2014_F4_59-74,3.679822169,80.02195752
CEN-052,IVU_2014_F4_59-74,2.099562882,69.9231579
CEN-052,IVU_2014_F4_59-74,1.444321381,59.82436566
CEN-052,IVU_2014_F4_59-74,0.834773556,49.94511173
CEN-052,IVU_2014_F4_59-74,0.524671995,39.95609234
CEN-052,IVU_2014_F4_59-74,0.367981739,34.13830841
CEN-052,IVU_2014_F4_59-74,0.199397544,29.41821608
CEN-052,IVU_2014_F4_59-74,0.0644947,19.64872763
CEN-052,IVU_2014_F4_59-74,0.013628684,9.769488448
CEN-052,IVU_2014_F4_59-74,0.008240748,6.476406263
CEN-052,IVU_2014_F4_59-74,0.003111699,1.866072043
CEN-053,IVU_2014_F4_76-90,16.11694909,94.73106556
CEN-053,IVU_2014_F4_76-90,10,89.90120776
CEN-053,IVU_2014_F4_76-90,3.727593029,80.13172299
CEN-053,IVU_2014_F4_76-90,1.653817066,70.03293075
CEN-053,IVU_2014_F4_76-90,0.949709797,59.49506186
CEN-053,IVU_2014_F4_76-90,0.748082509,49.83534626
CEN-053,IVU_2014_F4_76-90,0.593074295,40.17563066
CEN-053,IVU_2014_F4_76-90,0.461174886,29.6377544
CEN-053,IVU_2014_F4_76-90,0.307181824,19.53896216
CEN-053,IVU_2014_F4_76-90,0.152080287,10.09879961
CEN-053,IVU_2014_F4_76-90,0.071968563,5.268941813
CEN-053,IVU_2014_F4_76-90,0.020329347,1.975852259
CEN-054,IVU_2014_F4_90-103,16.11694909,91.43797969
CEN-054,IVU_2014_F4_90-103,10.12983155,86.82766389
CEN-054,IVU_2014_F4_90-103,3.517374243,80.13172299
CEN-054,IVU_2014_F4_90-103,1.435036087,70.03293075
CEN-054,IVU_2014_F4_90-103,0.818776282,60.04390398
CEN-054,IVU_2014_F4_90-103,0.577969145,49.94511173
CEN-054,IVU_2014_F4_90-103,0.413281978,39.84632686
CEN-054,IVU_2014_F4_90-103,0.295520954,29.74752725
CEN-054,IVU_2014_F4_90-103,0.214058327,19.75850785
CEN-054,IVU_2014_F4_90-103,0.144432201,9.879246554
CEN-054,IVU_2014_F4_90-103,0.070589447,2.41493627
CEN-054,IVU_2014_F4_90-103,0.030520661,0.768387808
CEN-055,IVU_2014_F4_110-123,16.32619794,89.90120776
CEN-055,IVU_2014_F4_110-123,4.793716204,78.4851819
CEN-055,IVU_2014_F4_110-123,3.012947198,69.9231579
CEN-055,IVU_2014_F4_110-123,1.752658813,59.82436566
CEN-055,IVU_2014_F4_110-123,1.059766287,50.05488458
CEN-055,IVU_2014_F4_110-123,0.604661797,40.17563066
CEN-055,IVU_2014_F4_110-123,0.284302986,29.6377544
CEN-055,IVU_2014_F4_110-123,0.175265957,19.9780388
CEN-055,IVU_2014_F4_110-123,0.126952547,14.92865005
CEN-055,IVU_2014_F4_110-123,0.05212992,9.989012029
CEN-055,IVU_2014_F4_110-123,0.030324449,8.01317451
CEN-055,IVU_2014_F4_110-123,0.010064709,3.073536494
CEN-057,IVU_2014_F5_105-117,16.22123963,88.14490119
CEN-057,IVU_2014_F5_105-117,9.436042758,80.24149584
CEN-057,IVU_2014_F5_105-117,5.146176092,69.81339611
CEN-057,IVU_2014_F5_105-117,3.563039316,60.04390398
CEN-057,IVU_2014_F5_105-117,2.297971504,50.16465006
CEN-057,IVU_2014_F5_105-117,1.371686758,39.84632686
CEN-057,IVU_2014_F5_105-117,0.824074112,29.74752725
CEN-057,IVU_2014_F5_105-117,0.566893662,19.9780388
CEN-057,IVU_2014_F5_105-117,0.407985575,11.52578765
CEN-057,IVU_2014_F5_105-117,0.307181824,10.9769529
CEN-057,IVU_2014_F5_105-117,0.120568129,9.659722972
CEN-057,IVU_2014_F5_105-117,0.030916955,7.79362145
CEN-057,IVU_2014_F5_105-117,0.010195385,4.061477363
CEN-058,IVU_2014_F5_136-145,16.01333671,88.84026028
CEN-058,IVU_2014_F5_136-145,11.15883866,79.86871231
CEN-058,IVU_2014_F5_136-145,5.817090737,70.02187883
CEN-058,IVU_2014_F5_136-145,3.727594297,59.95623499
CEN-058,IVU_2014_F5_136-145,2.717524645,49.78118597
CEN-058,IVU_2014_F5_136-145,1.675288548,39.71554212
CEN-058,IVU_2014_F5_136-145,0.824074276,29.75930346
CEN-058,IVU_2014_F5_136-145,0.649119911,26.80525342
CEN-058,IVU_2014_F5_136-145,0.382501534,21.22538356
CEN-058,IVU_2014_F5_136-145,0.215443391,20.02188251
CEN-058,IVU_2014_F5_136-145,0.075779496,15.97374393
CEN-058,IVU_2014_F5_136-145,0.016645177,10.06564384
CEN-058,IVU_2014_F5_136-145,0.010195374,6.01750527
CEN-060,IVU_2014_F5_194-205,15.60548245,97.70240675
CEN-060,IVU_2014_F5_194-205,9.019490794,89.71553478
CEN-060,IVU_2014_F5_194-205,6.408001613,79.97811749
CEN-060,IVU_2014_F5_194-205,4.582096415,69.91247365
CEN-060,IVU_2014_F5_194-205,3.472292581,59.84682981
CEN-060,IVU_2014_F5_194-205,2.682695961,49.89059115
CEN-060,IVU_2014_F5_194-205,1.632620223,39.71554212
CEN-060,IVU_2014_F5_194-205,0.657547251,29.75930346
CEN-060,IVU_2014_F5_194-205,0.380042168,25.05471177
CEN-060,IVU_2014_F5_194-205,0.084561154,19.80307215
CEN-060,IVU_2014_F5_194-205,0.074808281,19.0372065
CEN-060,IVU_2014_F5_194-205,0.027175258,15.42670334
CEN-060,IVU_2014_F5_194-205,0.013111337,9.956238663
CEN-060,IVU_2014_F5_194-205,0.008187761,5.798702255
CEN-061,IVU_2014_F5_223-236,16.11694909,98.9023084
CEN-061,IVU_2014_F5_223-236,10.06470425,97.47530378
CEN-061,IVU_2014_F5_223-236,5.596274409,90.01097692
CEN-061,IVU_2014_F5_223-236,3.874675614,80.02195752
CEN-061,IVU_2014_F5_223-236,3.152095719,70.03293075
CEN-061,IVU_2014_F5_223-236,2.597561605,59.82436566
CEN-061,IVU_2014_F5_223-236,1.955764519,49.83534626
CEN-061,IVU_2014_F5_223-236,1.57064831,40.06586518
CEN-061,IVU_2014_F5_223-236,1.108710029,29.6377544
CEN-061,IVU_2014_F5_223-236,0.729029419,19.9780388
CEN-061,IVU_2014_F5_223-236,0.44081643,9.879246554
CEN-061,IVU_2014_F5_223-236,0.380042778,7.574083129
CEN-061,IVU_2014_F5_223-236,0.203293379,5.708018455
CEN-061,IVU_2014_F5_223-236,0.041595627,3.40284766
CEN-061,IVU_2014_F5_223-236,0.010261353,1.317229926
CEN-062,IVU_2014_F5_248-259,15.11025232,99.89023268
CEN-062,IVU_2014_F5_248-259,8.846644885,98.13392243
CEN-062,IVU_2014_F5_248-259,5.892615228,90.01097692
CEN-062,IVU_2014_F5_248-259,4.295889853,80.13172299
CEN-062,IVU_2014_F5_248-259,3.472291422,69.9231579
CEN-062,IVU_2014_F5_248-259,2.898578312,59.82436566
CEN-062,IVU_2014_F5_248-259,2.404102009,50.05488458
CEN-062,IVU_2014_F5_248-259,1.591038213,39.73655401
CEN-062,IVU_2014_F5_248-259,0.937538006,29.74752725
CEN-062,IVU_2014_F5_248-259,0.531484123,19.9780388
CEN-062,IVU_2014_F5_248-259,0.38997481,14.70910435
CEN-062,IVU_2014_F5_248-259,0.117497351,12.62347925
CEN-062,IVU_2014_F5_248-259,0.042408323,9.769488448
CEN-062,IVU_2014_F5_248-259,0.010394582,3.512613136
CEN-065,GR_2017_F1_83-96,1.580946349,98.92933583
CEN-065,GR_2017_F1_83-96,0.352115246,95.93147542
CEN-065,GR_2017_F1_83-96,0.226220847,89.93575821
CEN-065,GR_2017_F1_83-96,0.158587978,79.87152001
CEN-065,GR_2017_F1_83-96,0.118323564,69.80727822
CEN-065,GR_2017_F1_83-96,0.098147782,59.85010249
CEN-065,GR_2017_F1_83-96,0.078424442,49.89293394
CEN-065,GR_2017_F1_83-96,0.062275342,40.25695998
CEN-065,GR_2017_F1_83-96,0.043929917,29.87152001
CEN-065,GR_2017_F1_83-96,0.024761402,19.5931497
CEN-065,GR_2017_F1_83-96,0.01378405,9.635966777
CEN-067,GR_2017_F1_168-183,0.995844584,97.79709924
CEN-067,GR_2017_F1_168-183,0.229487693,90.52869003
CEN-067,GR_2017_F1_168-183,0.108458104,70.11301426
CEN-067,GR_2017_F1_168-183,0.091056902,59.91686126
CEN-067,GR_2017_F1_168-183,0.07692646,49.97623992
CEN-067,GR_2017_F1_168-183,0.062990744,39.92873412
CEN-067,GR_2017_F1_168-183,0.04696672,29.88122832
CEN-067,GR_2017_F1_168-183,0.028675061,20.15439744
CEN-067,GR_2017_F1_168-183,0.015548261,9.786209539
CEN-071,GR_2017_F1_285-298,0.18558175,90.20802586
CEN-071,GR_2017_F1_285-298,0.144556005,80.16051647
CEN-071,GR_2017_F1_285-298,0.11617141,70.00612262
CEN-071,GR_2017_F1_285-298,0.095126222,59.85172876
CEN-071,GR_2017_F1_285-298,0.07692646,49.91110743
CEN-071,GR_2017_F1_285-298,0.058442225,40.07737773
CEN-071,GR_2017_F1_285-298,0.035681345,29.92298029
CEN-071,GR_2017_F1_285-298,0.020594119,19.87547449
CEN-071,GR_2017_F1_285-298,0.012417454,10.04175197
CEN-076,GR_2017_F1_433-447,0.29832113,95.44555487
CEN-076,GR_2017_F1_433-447,0.252026686,90.31491751
CEN-076,GR_2017_F1_433-447,0.212916722,80.16051647
CEN-076,GR_2017_F1_433-447,0.186744425,70.00612262
CEN-076,GR_2017_F1_433-447,0.164815718,59.85172876
CEN-076,GR_2017_F1_433-447,0.147290126,50.33865964
CEN-076,GR_2017_F1_433-447,0.124433269,39.97049327
CEN-076,GR_2017_F1_433-447,0.099377481,29.81608865
CEN-076,GR_2017_F1_433-447,0.060673876,20.19614224
CEN-076,GR_2017_F1_433-447,0.022758452,10.14862926
CEN-078,GR_2017_F2_91-105,4.32875963,99.5767173
CEN-078,GR_2017_F2_91-105,2.045122049,98.20105653
CEN-078,GR_2017_F2_91-105,1.101697882,95.97883391
CEN-078,GR_2017_F2_91-105,0.575224063,89.94708833
CEN-078,GR_2017_F2_91-105,0.376101753,80
CEN-078,GR_2017_F2_91-105,0.273467934,69.52381274
CEN-078,GR_2017_F2_91-105,0.223907054,59.89417666
CEN-078,GR_2017_F2_91-105,0.175482539,49.73544876
CEN-078,GR_2017_F2_91-105,0.140132905,39.78836043
CEN-078,GR_2017_F2_91-105,0.101892256,29.52380919
CEN-078,GR_2017_F2_91-105,0.074551406,21.26984454
CEN-078,GR_2017_F2_91-105,0.069165813,19.6825513
CEN-078,GR_2017_F2_91-105,0.038202304,9.629639629
CEN-078,GR_2017_F2_91-105,0.010285177,1.481484113
CEN-079,GR_2017_F2_107-122,0.344405861,94.80422475
CEN-079,GR_2017_F2_107-122,0.226639189,90.20802586
CEN-079,GR_2017_F2_107-122,0.166887196,80.37429258
CEN-079,GR_2017_F2_107-122,0.138372173,70.11301426
CEN-079,GR_2017_F2_107-122,0.112599641,60.06550487
CEN-079,GR_2017_F2_107-122,0.09572219,50.33865964
CEN-079,GR_2017_F2_107-122,0.07692646,40.1842622
CEN-079,GR_2017_F2_107-122,0.057357468,30.02986475
CEN-079,GR_2017_F2_107-122,0.032898709,20.08924342
CEN-079,GR_2017_F2_107-122,0.015451444,9.827961508
CEN-086,WB_2014_F2_31-45,15.80810387,90.52396552
CEN-086,WB_2014_F2_31-45,7.337468665,89.74358883
CEN-086,WB_2014_F2_31-45,0.792792967,84.72686657
CEN-086,WB_2014_F2_31-45,0.400166752,79.48717579
CEN-086,WB_2014_F2_31-45,0.258086345,69.78818216
CEN-086,WB_2014_F2_31-45,0.204609128,59.64325151
CEN-086,WB_2014_F2_31-45,0.170802067,49.83277175
CEN-086,WB_2014_F2_31-45,0.138949558,39.7993347
CEN-086,WB_2014_F2_31-45,0.112310458,29.98884746
CEN-086,WB_2014_F2_31-45,0.08294073,19.50947339
CEN-086,WB_2014_F2_31-45,0.073374687,16.94536733
CEN-086,WB_2014_F2_31-45,0.050151069,9.699001118
CEN-086,WB_2014_F2_31-45,0.009935716,1.003337716
CEN-087,WB_2014_F2_45-60,16.4318425,91.75027549
CEN-087,WB_2014_F2_45-60,7.290294186,89.74358883
CEN-087,WB_2014_F2_45-60,3.012947198,85.73021177
CEN-087,WB_2014_F2_45-60,0.661802317,79.71014056
CEN-087,WB_2014_F2_45-60,0.400166752,76.03121065
CEN-087,WB_2014_F2_45-60,0.165381921,59.64325151
CEN-087,WB_2014_F2_45-60,0.113768652,49.60981446
CEN-087,WB_2014_F2_45-60,0.083477392,39.91081334
CEN-087,WB_2014_F2_45-60,0.074808283,36.67781297
CEN-087,WB_2014_F2_45-60,0.057056195,29.87736882
CEN-087,WB_2014_F2_45-60,0.031318314,19.73244565
CEN-087,WB_2014_F2_45-60,0.014725418,10.14493814
CEN-087,WB_2014_F2_45-60,0.010064709,5.462648059
CEN-089,WB_2014_F2_90-103,16.32619794,98.43924288
CEN-089,WB_2014_F2_90-103,2.682695131,94.7603111
CEN-089,WB_2014_F2_90-103,0.95585565,92.75362069
CEN-089,WB_2014_F2_90-103,0.395038085,87.06800038
CEN-089,WB_2014_F2_90-103,0.278854956,79.59866192
CEN-089,WB_2014_F2_90-103,0.221074152,69.8996608
CEN-089,WB_2014_F2_90-103,0.179846511,59.53177286
CEN-089,WB_2014_F2_90-103,0.151102589,49.60981446
CEN-089,WB_2014_F2_90-103,0.123719162,39.91081334
CEN-089,WB_2014_F2_90-103,0.096204086,29.98884746
CEN-089,WB_2014_F2_90-103,0.071968625,19.8439168
CEN-089,WB_2014_F2_90-103,0.039503791,9.587507506
CEN-089,WB_2014_F2_90-103,0.020460886,5.128197164
CEN-089,WB_2014_F2_90-103,0.009808368,1.22630997
CEN-090,WB_2014_F2_103-115,15.91038213,97.99330773
CEN-090,WB_2014_F2_103-115,2.974332286,95.65217204
CEN-090,WB_2014_F2_103-115,0.803085573,93.42251874
CEN-090,WB_2014_F2_103-115,0.397594149,89.63210645
CEN-090,WB_2014_F2_103-115,0.231284136,79.71014056
CEN-090,WB_2014_F2_103-115,0.175265957,69.8996608
CEN-090,WB_2014_F2_103-115,0.138056275,59.86621627
CEN-090,WB_2014_F2_103-115,0.113768652,49.60981446
CEN-090,WB_2014_F2_103-115,0.091366082,39.91081334
CEN-090,WB_2014_F2_103-115,0.074808283,31.77257309
CEN-090,WB_2014_F2_103-115,0.071968625,29.76589017
CEN-090,WB_2014_F2_103-115,0.050475612,19.50947339
CEN-090,WB_2014_F2_103-115,0.025151297,9.364557707
CEN-090,WB_2014_F2_103-115,0.009935716,2.118169045
CEN-091,WB_2014_F2_120-134,14.53668013,79.59866192
CEN-091,WB_2014_F2_120-134,0.729029419,69.8996608
CEN-091,WB_2014_F2_120-134,0.229797449,59.9777024
CEN-091,WB_2014_F2_120-134,0.140753623,49.7212931
CEN-091,WB_2014_F2_120-134,0.101298359,39.91081334
CEN-091,WB_2014_F2_120-134,0.074327354,30.10033358
CEN-091,WB_2014_F2_120-134,0.044366889,19.73244565
CEN-091,WB_2014_F2_120-134,0.017984659,9.587507506
CEN-091,WB_2014_F2_120-134,0.010000004,4.01338829
CEN-092,WB_2014_F2_134-147,16.22123963,80.93645053
CEN-092,WB_2014_F2_134-147,14.2580987,79.93310533
CEN-092,WB_2014_F2_134-147,4.671623909,73.13266117
CEN-092,WB_2014_F2_134-147,1.591038213,69.56521739
CEN-092,WB_2014_F2_134-147,0.797922674,67.55853073
CEN-092,WB_2014_F2_134-147,0.295520954,59.75473763
CEN-092,WB_2014_F2_134-147,0.16970401,49.83277175
CEN-092,WB_2014_F2_134-147,0.099357117,39.7993347
CEN-092,WB_2014_F2_134-147,0.051130922,29.54291792
CEN-092,WB_2014_F2_134-147,0.022979715,19.8439168
CEN-092,WB_2014_F2_134-147,0.012292385,9.364557707
CEN-092,WB_2014_F2_134-147,0.010000004,5.462648059
CEN-094,WB_2014_F2_166-180,15.91038213,98.99665293
CEN-094,WB_2014_F2_166-180,7.013557845,98.21627437
CEN-094,WB_2014_F2_166-180,2.419655475,93.75696589
CEN-094,WB_2014_F2_166-180,0.878977133,89.40914168
CEN-094,WB_2014_F2_166-180,0.395038085,79.93310533
CEN-094,WB_2014_F2_166-180,0.229797449,70.12262557
CEN-094,WB_2014_F2_166-180,0.151102589,59.86621627
CEN-094,WB_2014_F2_166-180,0.095585606,49.83277175
CEN-094,WB_2014_F2_166-180,0.062448004,39.68784858
CEN-094,WB_2014_F2_166-180,0.041328216,29.76589017
CEN-094,WB_2014_F2_166-180,0.024989604,19.9554179
CEN-094,WB_2014_F2_166-180,0.014916594,9.810487244
CEN-094,WB_2014_F2_166-180,0.010000004,4.347816731
CEN-096,WB_2014_F2_200-214,0.38997481,74.02452025
CEN-096,WB_2014_F2_200-214,0.277062246,69.45373501
CEN-096,WB_2014_F2_200-214,0.167528883,59.86621627
CEN-096,WB_2014_F2_200-214,0.098718367,49.83277175
CEN-096,WB_2014_F2_200-214,0.059307455,39.7993347
CEN-096,WB_2014_F2_200-214,0.035630424,29.65440405
CEN-096,WB_2014_F2_200-214,0.021544384,19.62095952
CEN-096,WB_2014_F2_200-214,0.013367509,9.476021379
CEN-096,WB_2014_F2_200-214,0.009871841,5.128197164
CEN-097,WB_2014_F2_220-228,15.60549531,97.65886057
CEN-097,WB_2014_F2_220-228,3.656158893,89.74358883
CEN-097,WB_2014_F2_220-228,0.797922674,79.93310533
CEN-097,WB_2014_F2_220-228,0.334048478,69.45373501
CEN-097,WB_2014_F2_220-228,0.186942857,59.64325151
CEN-097,WB_2014_F2_220-228,0.109449997,49.60981446
CEN-097,WB_2014_F2_220-228,0.056689342,39.7993347
CEN-097,WB_2014_F2_220-228,0.030129498,29.98884746
CEN-097,WB_2014_F2_220-228,0.018218164,19.73244565
CEN-097,WB_2014_F2_220-228,0.011902294,9.364557707
CEN-097,WB_2014_F2_220-228,0.010000004,6.46600823
CEN-098,WB_2014_F2_228-242,15.91038213,98.43924288
CEN-098,WB_2014_F2_228-242,4.351665942,89.9665536
CEN-098,WB_2014_F2_228-242,1.130372037,79.59866192
CEN-098,WB_2014_F2_228-242,0.437982497,69.8996608
CEN-098,WB_2014_F2_228-242,0.211314886,59.86621627
CEN-098,WB_2014_F2_228-242,0.109449997,49.94425787
CEN-098,WB_2014_F2_228-242,0.055603066,39.91081334
CEN-098,WB_2014_F2_228-242,0.027351144,29.87736882
CEN-098,WB_2014_F2_228-242,0.016645208,19.8439168
CEN-098,WB_2014_F2_228-242,0.010327757,9.810487244
CEN-098,WB_2014_F2_228-242,0.00628521,3.678937395
CEN-099,WB_2014_F2_253-267,16.22123963,96.4325506
CEN-099,WB_2014_F2_253-267,3.297670608,89.85507496
CEN-099,WB_2014_F2_253-267,0.604661797,79.93310533
CEN-099,WB_2014_F2_253-267,0.25642693,69.67669229
CEN-099,WB_2014_F2_253-267,0.151102589,59.9777024
CEN-099,WB_2014_F2_253-267,0.085659063,49.83277175
CEN-099,WB_2014_F2_253-267,0.075779564,48.16053224
CEN-099,WB_2014_F2_253-267,0.040275618,39.68784858
CEN-099,WB_2014_F2_253-267,0.021405842,29.65440405
CEN-099,WB_2014_F2_253-267,0.014350361,19.9554179
CEN-099,WB_2014_F2_253-267,0.008677119,9.476021379
CEN-099,WB_2014_F2_253-267,0.006879156,5.79709147
CEN-100,WB_2014_F2_281-296,16.4318425,92.86510308
CEN-100,WB_2014_F2_281-296,6.408001882,89.63210645
CEN-100,WB_2014_F2_281-296,1.221334841,79.59866192
CEN-100,WB_2014_F2_281-296,0.534923051,69.8996608
CEN-100,WB_2014_F2_281-296,0.282475251,59.75473763
CEN-100,WB_2014_F2_281-296,0.165381921,49.60981446
CEN-100,WB_2014_F2_281-296,0.08903898,40.02229199
CEN-100,WB_2014_F2_281-296,0.048247419,29.98884746
CEN-100,WB_2014_F2_281-296,0.023128444,19.8439168
CEN-100,WB_2014_F2_281-296,0.012292385,9.699001118
CEN-100,WB_2014_F2_281-296,0.010000004,7.134887566
CEN-100,WB_2014_F2_281-296,0.00495083,1.895196791
CEN-102,WB_2017_F1_122-135,15.21696717,97.03622384
CEN-102,WB_2017_F1_122-135,4.374752593,90.23051465
CEN-102,WB_2017_F1_122-135,0.602287304,79.91218174
CEN-102,WB_2017_F1_122-135,0.208821667,69.70362533
CEN-102,WB_2017_F1_122-135,0.167650168,59.82437268
CEN-102,WB_2017_F1_122-135,0.135468204,50.16465833
CEN-102,WB_2017_F1_122-135,0.113789237,40.17564021
CEN-102,WB_2017_F1_122-135,0.085640467,29.74753078
CEN-102,WB_2017_F1_122-135,0.075262362,25.79582677
CEN-102,WB_2017_F1_122-135,0.057380764,19.97805096
CEN-102,WB_2017_F1_122-135,0.023685033,9.879267389
CEN-102,WB_2017_F1_122-135,0.010228637,3.293096499
CEN-103,WB_2017_F1_205-220,16.23225607,87.70581692
CEN-103,WB_2017_F1_205-220,8.454126824,80.35126569
CEN-103,WB_2017_F1_205-220,1.367869607,69.81339079
CEN-103,WB_2017_F1_205-220,0.268641194,60.04391097
CEN-103,WB_2017_F1_205-220,0.181160904,49.72558174
CEN-103,WB_2017_F1_205-220,0.134596202,39.95610192
CEN-103,WB_2017_F1_205-220,0.1,29.52799249
CEN-103,WB_2017_F1_205-220,0.076240983,22.17343389
CEN-103,WB_2017_F1_205-220,0.066570524,19.64873984
CEN-103,WB_2017_F1_205-220,0.031267359,10.09879094
CEN-103,WB_2017_F1_205-220,0.020415403,6.805709182
CEN-103,WB_2017_F1_205-220,0.010228637,2.414928589
CEN-104,WB_2017_F1_285-297,16.23225607,65.86169416
CEN-104,WB_2017_F1_285-297,12.2959329,59.49506893
CEN-104,WB_2017_F1_285-297,4.977997612,50.16465833
CEN-104,WB_2017_F1_285-297,4.696875375,48.51811745
CEN-104,WB_2017_F1_285-297,2.609455411,40.28540568
CEN-104,WB_2017_F1_285-297,1.009736554,34.68716079
CEN-104,WB_2017_F1_285-297,0.256765832,29.85730361
CEN-104,WB_2017_F1_285-297,0.100647953,25.02743906
CEN-104,WB_2017_F1_285-297,0.020680861,19.53897438
CEN-104,WB_2017_F1_285-297,0.010032348,10.09879094
CEN-104,WB_2017_F1_285-297,0.003056844,0.548856786
CEN-105,KUU_2014_F1_58-72,16.09548399,98.10426513
CEN-105,KUU_2014_F1_58-72,3.003679597,95.02369771
CEN-105,KUU_2014_F1_58-72,1.006452728,91.23223194
CEN-105,KUU_2014_F1_58-72,0.586349371,80.09478485
CEN-105,KUU_2014_F1_58-72,0.474217622,70.02370119
CEN-105,KUU_2014_F1_58-72,0.391001901,60.07108864
CEN-105,KUU_2014_F1_58-72,0.306219874,50.00000099
CEN-105,KUU_2014_F1_58-72,0.216369492,40.04740038
CEN-105,KUU_2014_F1_58-72,0.1080238,30.09478386
CEN-105,KUU_2014_F1_58-72,0.045334076,19.90521713
CEN-105,KUU_2014_F1_58-72,0.017840074,9.715634499
CEN-105,KUU_2014_F1_58-72,0.009999996,4.502364103
CEN-106,KUU_2014_F1_80-94,12.93397102,99.05213356
CEN-106,KUU_2014_F1_80-94,4.711772431,98.22274819
CEN-106,KUU_2014_F1_80-94,1.026062259,95.61611299
CEN-106,KUU_2014_F1_80-94,0.658318152,89.81042731
CEN-106,KUU_2014_F1_80-94,0.486576174,79.73933966
CEN-106,KUU_2014_F1_80-94,0.396063898,69.78673507
CEN-106,KUU_2014_F1_80-94,0.322389156,59.95260956
CEN-106,KUU_2014_F1_80-94,0.244494003,49.88151396
CEN-106,KUU_2014_F1_80-94,0.174991619,39.92891335
CEN-106,KUU_2014_F1_80-94,0.103934633,29.85781775
CEN-106,KUU_2014_F1_80-94,0.053585888,19.7867301
CEN-106,KUU_2014_F1_80-94,0.04037809,15.75829027
CEN-106,KUU_2014_F1_80-94,0.02015901,9.123215239
CEN-106,KUU_2014_F1_80-94,0.010064527,3.791481673
CEN-107,KUU_2014_F1_118-131,4.772776193,99.64455481
CEN-107,KUU_2014_F1_118-131,2.322318176,99.28909967
CEN-107,KUU_2014_F1_118-131,1.000000432,94.54976946
CEN-107,KUU_2014_F1_118-131,0.706581217,90.04739342
CEN-107,KUU_2014_F1_118-131,0.546298748,79.85781874
CEN-107,KUU_2014_F1_118-131,0.433382602,70.14218424
CEN-107,KUU_2014_F1_118-131,0.386004268,59.83412253
CEN-107,KUU_2014_F1_118-131,0.346024368,50.11848007
CEN-107,KUU_2014_F1_118-131,0.298442193,40.04740038
CEN-107,KUU_2014_F1_118-131,0.255753342,29.85781775
CEN-107,KUU_2014_F1_118-131,0.206843817,19.90521713
CEN-107,KUU_2014_F1_118-131,0.12933971,9.834137443
CEN-107,KUU_2014_F1_118-131,0.073438165,5.805681702
CEN-107,KUU_2014_F1_118-131,0.030819583,2.843609266
CEN-108,KUU_2014_F1_198-214,2.798513112,99.88152092
CEN-108,KUU_2014_F1_198-214,0.890678966,99.40758472
CEN-108,KUU_2014_F1_198-214,0.388495216,97.86729902
CEN-108,KUU_2014_F1_198-214,0.254113726,90.16588046
CEN-108,KUU_2014_F1_198-214,0.189032434,79.85781874
CEN-108,KUU_2014_F1_198-214,0.144283961,69.78673507
CEN-108,KUU_2014_F1_198-214,0.11012842,60.07108864
CEN-108,KUU_2014_F1_198-214,0.080876291,50.00000099
CEN-108,KUU_2014_F1_198-214,0.05393164,40.04740038
CEN-108,KUU_2014_F1_198-214,0.028899724,29.85781775
CEN-108,KUU_2014_F1_198-214,0.016199337,19.66824307
CEN-108,KUU_2014_F1_198-214,0.009559762,9.834137443
CEN-108,KUU_2014_F1_198-214,0.003910019,1.540291667
CEN-109,KUU_2014_F1_221-235,4.681565595,99.28909967
CEN-109,KUU_2014_F1_221-235,1.952103586,98.69668439
CEN-109,KUU_2014_F1_221-235,1.012946657,89.92891434
CEN-109,KUU_2014_F1_221-235,0.300368349,80.09478485
CEN-109,KUU_2014_F1_221-235,0.19773768,69.90521017
CEN-109,KUU_2014_F1_221-235,0.150928338,59.95260956
CEN-109,KUU_2014_F1_221-235,0.113727569,50.11848007
CEN-109,KUU_2014_F1_221-235,0.076327621,39.92891335
CEN-109,KUU_2014_F1_221-235,0.049925702,29.97630478
CEN-109,KUU_2014_F1_221-235,0.030425711,19.90521713
CEN-109,KUU_2014_F1_221-235,0.01442839,10.18958937
CEN-114,KUU_2014_F2_79-93,1.990136277,99.05213356
CEN-114,KUU_2014_F2_79-93,1.006452728,97.86729902
CEN-114,KUU_2014_F2_79-93,0.593940379,94.31279539
CEN-114,KUU_2014_F2_79-93,0.409008518,90.40284657
CEN-114,KUU_2014_F2_79-93,0.247659276,79.85781874
CEN-114,KUU_2014_F2_79-93,0.195210274,70.37915035
CEN-114,KUU_2014_F2_79-93,0.147094908,60.18957567
CEN-114,KUU_2014_F2_79-93,0.107331268,49.88151396
CEN-114,KUU_2014_F2_79-93,0.07781464,39.92891335
CEN-114,KUU_2014_F2_79-93,0.051226856,29.85781775
CEN-114,KUU_2014_F2_79-93,0.032656302,19.90521713
CEN-114,KUU_2014_F2_79-93,0.01990138,10.07108765
CEN-114,KUU_2014_F2_79-93,0.014615196,5.094799272
CEN-116,KUU_2014_F2_113-130,0.601630181,95.49762649
CEN-116,KUU_2014_F2_113-130,0.468156357,90.40284374
CEN-116,KUU_2014_F2_113-130,0.386004268,80.45023636
CEN-116,KUU_2014_F2_113-130,0.320321789,70.02370078
CEN-116,KUU_2014_F2_113-130,0.274503304,60.30805551
CEN-116,KUU_2014_F2_113-130,0.223440552,50.00000298
CEN-116,KUU_2014_F2_113-130,0.181876427,40.40284871
CEN-116,KUU_2014_F2_113-130,0.131859512,29.97630916
CEN-116,KUU_2014_F2_113-130,0.082984002,20.1421888
CEN-116,KUU_2014_F2_113-130,0.07486889,18.48341825
CEN-116,KUU_2014_F2_113-130,0.034160118,10.18958937
CEN-116,KUU_2014_F2_113-130,0.02015901,5.924175984
CEN-118,KUU_2014_F2_148-161,1.05959447,99.88152092
CEN-118,KUU_2014_F2_148-161,0.6457373,97.6303329
CEN-118,KUU_2014_F2_148-161,0.411647205,90.04739342
CEN-118,KUU_2014_F2_148-161,0.348256718,79.97630578
CEN-118,KUU_2014_F2_148-161,0.290862058,70.02370119
CEN-118,KUU_2014_F2_148-161,0.249257676,59.95260956
CEN-118,KUU_2014_F2_148-161,0.212234359,49.88151396
CEN-118,KUU_2014_F2_148-161,0.178400814,39.81043427
CEN-118,KUU_2014_F2_148-161,0.14243978,29.85781775
CEN-118,KUU_2014_F2_148-161,0.099358907,19.90521713
CEN-118,KUU_2014_F2_148-161,0.05256183,9.834137443
CEN-120,KUU_2014_F2_179-192,1.335667675,99.64455481
CEN-120,KUU_2014_F2_179-192,0.609419544,97.98578207
CEN-120,KUU_2014_F2_179-192,0.398620107,92.41706251
CEN-120,KUU_2014_F2_179-192,0.292739038,79.73933966
CEN-120,KUU_2014_F2_179-192,0.24607155,69.90521017
CEN-120,KUU_2014_F2_179-192,0.214981991,60.07108864
CEN-120,KUU_2014_F2_179-192,0.185419912,49.88151396
CEN-120,KUU_2014_F2_179-192,0.152882421,39.92891335
CEN-120,KUU_2014_F2_179-192,0.120505155,29.73933867
CEN-120,KUU_2014_F2_179-192,0.085696033,20.14217529
CEN-120,KUU_2014_F2_179-192,0.050247837,9.715634499
CEN-120,KUU_2014_F2_179-192,0.030036796,4.85781725
CEN-121,KUU_2014_F2_195-209,12.93397102,99.40758472
CEN-121,KUU_2014_F2_195-209,3.003679597,97.6303329
CEN-121,KUU_2014_F2_195-209,0.993588642,95.97156613
CEN-121,KUU_2014_F2_195-209,0.564152543,90.16588046
CEN-121,KUU_2014_F2_195-209,0.388495216,80.09478485
CEN-121,KUU_2014_F2_195-209,0.361959031,70.14218424
CEN-121,KUU_2014_F2_195-209,0.310184532,59.83412253
CEN-121,KUU_2014_F2_195-209,0.262418512,49.88151396
CEN-121,KUU_2014_F2_195-209,0.232232118,39.92891335
CEN-121,KUU_2014_F2_195-209,0.187820723,29.85781775
CEN-121,KUU_2014_F2_195-209,0.14061917,20.14217529
CEN-121,KUU_2014_F2_195-209,0.081398128,9.715634499
CEN-121,KUU_2014_F2_195-209,0.039352493,4.028431877
CEN-122,KUU_2014_F2_209-224,16.09548399,89.5734612
CEN-122,KUU_2014_F2_209-224,3.02306022,88.2701436
CEN-122,KUU_2014_F2_209-224,1.006452728,86.966826
CEN-122,KUU_2014_F2_209-224,0.59013267,80.09478485
CEN-122,KUU_2014_F2_209-224,0.425100402,70.2606673
CEN-122,KUU_2014_F2_209-224,0.388495216,59.95260956
CEN-122,KUU_2014_F2_209-224,0.339411343,50.23696711
CEN-122,KUU_2014_F2_209-224,0.292739038,40.04740038
CEN-122,KUU_2014_F2_209-224,0.247659276,30.09478386
CEN-122,KUU_2014_F2_209-224,0.205517756,19.90521713
CEN-122,KUU_2014_F2_209-224,0.137932092,9.834137443
CEN-122,KUU_2014_F2_209-224,0.074868955,4.028431877
CEN-122,KUU_2014_F2_209-224,0.04037809,2.014231848
CEN-123,KUU_2014_F2_237-250,3.527654784,100
CEN-123,KUU_2014_F2_237-250,0.788220791,99.40758472
CEN-123,KUU_2014_F2_237-250,0.597773173,90.75829176
CEN-123,KUU_2014_F2_237-250,0.477277413,80.09478485
CEN-123,KUU_2014_F2_237-250,0.409008518,70.37915035
CEN-123,KUU_2014_F2_237-250,0.396063898,60.30805475
CEN-123,KUU_2014_F2_237-250,0.350503773,50.35545414
CEN-123,KUU_2014_F2_237-250,0.300368349,40.04740038
CEN-123,KUU_2014_F2_237-250,0.257403538,29.85781775
CEN-123,KUU_2014_F2_237-250,0.212234359,19.7867301
CEN-123,KUU_2014_F2_237-250,0.157878829,10.07108765
CEN-123,KUU_2014_F2_237-250,0.050247837,1.303317599
CEN-124,KUU_2014_F2_250-265,0.73438133,99.17061274
CEN-124,KUU_2014_F2_250-265,0.586349878,90.63980982
CEN-124,KUU_2014_F2_250-265,0.480356947,79.97630419
CEN-124,KUU_2014_F2_250-265,0.406385691,70.26066687
CEN-124,KUU_2014_F2_250-265,0.393524761,59.95261036
CEN-124,KUU_2014_F2_250-265,0.33723511,50.35544813
CEN-124,KUU_2014_F2_250-265,0.287144372,40.28436964
CEN-124,KUU_2014_F2_250-265,0.242926359,30.09478822
CEN-124,KUU_2014_F2_250-265,0.200297636,20.02370178
CEN-124,KUU_2014_F2_250-265,0.13971767,10.54504248
CEN-124,KUU_2014_F2_250-265,0.075352032,4.02845526
CEN-125,KUU_2014_F3_(137-157),5.751441338,99.28909967
CEN-125,KUU_2014_F3_(137-157),2.136038493,97.74881596
CEN-125,KUU_2014_F3_(137-157),0.862490066,96.3270153
CEN-125,KUU_2014_F3_(137-157),0.369010733,90.04739342
CEN-125,KUU_2014_F3_(137-157),0.267531424,79.85781874
CEN-125,KUU_2014_F3_(137-157),0.223440552,69.78673507
CEN-125,KUU_2014_F3_(137-157),0.193958795,59.83412253
CEN-125,KUU_2014_F3_(137-157),0.169453348,50.11848007
CEN-125,KUU_2014_F3_(137-157),0.14243978,40.16587946
CEN-125,KUU_2014_F3_(137-157),0.117444443,30.09478386
CEN-125,KUU_2014_F3_(137-157),0.081398128,19.7867301
CEN-125,KUU_2014_F3_(137-157),0.041966712,9.715634499
CEN-125,KUU_2014_F3_(137-157),0.01990138,4.85781725
CEN-126,KUU_2014_F3_(166-187),1.630385966,99.17061662
CEN-126,KUU_2014_F3_(166-187),0.743889434,97.51184985
CEN-126,KUU_2014_F3_(166-187),0.396063898,90.04739342
CEN-126,KUU_2014_F3_(166-187),0.294627876,79.85781874
CEN-126,KUU_2014_F3_(166-187),0.254113726,70.14218424
CEN-126,KUU_2014_F3_(166-187),0.227793827,60.18957567
CEN-126,KUU_2014_F3_(166-187),0.205517756,50.23696711
CEN-126,KUU_2014_F3_(166-187),0.184231198,40.40284557
CEN-126,KUU_2014_F3_(166-187),0.156866679,29.73933867
CEN-126,KUU_2014_F3_(166-187),0.12605461,20.14217529
CEN-126,KUU_2014_F3_(166-187),0.088496774,10.07108765
CEN-126,KUU_2014_F3_(166-187),0.039352493,3.554499651
CEN-127,KUU_2014_F3_188-220_A,1.630385966,99.17061662
CEN-127,KUU_2014_F3_188-220_A,0.743889434,97.51184985
CEN-127,KUU_2014_F3_188-220_A,0.396063898,90.04739342
CEN-127,KUU_2014_F3_188-220_A,0.294627876,79.85781874
CEN-127,KUU_2014_F3_188-220_A,0.254113726,70.14218424
CEN-127,KUU_2014_F3_188-220_A,0.227793827,60.18957567
CEN-127,KUU_2014_F3_188-220_A,0.205517756,50.23696711
CEN-127,KUU_2014_F3_188-220_A,0.184231198,40.40284557
CEN-127,KUU_2014_F3_188-220_A,0.156866679,29.73933867
CEN-127,KUU_2014_F3_188-220_A,0.112274044,20.37914936
CEN-127,KUU_2014_F3_188-220_A,0.065831787,10.30806967
CEN-127,KUU_2014_F3_188-220_A,0.04037809,6.398116872
CEN-128,KUU_2014_F3_188-220_B,1.630385966,99.17061662
CEN-128,KUU_2014_F3_188-220_B,0.743889434,97.51184985
CEN-128,KUU_2014_F3_188-220_B,0.396063898,90.04739342
CEN-128,KUU_2014_F3_188-220_B,0.294627876,79.85781874
CEN-128,KUU_2014_F3_188-220_B,0.254113726,70.14218424
CEN-128,KUU_2014_F3_188-220_B,0.227793827,60.18957567
CEN-128,KUU_2014_F3_188-220_B,0.205517756,50.23696711
CEN-128,KUU_2014_F3_188-220_B,0.184231198,40.40284557
CEN-128,KUU_2014_F3_188-220_B,0.156866679,29.73933867
CEN-128,KUU_2014_F3_188-220_B,0.12605461,20.14217529
CEN-128,KUU_2014_F3_188-220_B,0.079842561,9.952616522
CEN-128,KUU_2014_F3_188-220_B,0.039861959,4.739346125
CEN-129,KUU_2014_F3_221-236,0.352765326,98.69668439
CEN-129,KUU_2014_F3_221-236,0.244494003,90.28435953
CEN-129,KUU_2014_F3_221-236,0.206843817,79.73933966
CEN-129,KUU_2014_F3_221-236,0.184231198,69.90521017
CEN-129,KUU_2014_F3_221-236,0.161993298,60.07108864
CEN-129,KUU_2014_F3_221-236,0.141526608,49.88151396
CEN-129,KUU_2014_F3_221-236,0.122065241,40.16587946
CEN-129,KUU_2014_F3_221-236,0.089642473,30.09478386
CEN-129,KUU_2014_F3_221-236,0.074868955,26.06635198
CEN-129,KUU_2014_F3_221-236,0.048657596,19.90521713
CEN-129,KUU_2014_F3_221-236,0.019646991,11.96683246
CEN-129,KUU_2014_F3_221-236,0.01578789,9.715634499
CEN-129,KUU_2014_F3_221-236,0.010194825,4.85781725
